<?xml version="1.0" encoding="UTF-8"?>
<beans xmlns="http://www.springframework.org/schema/beans"
       xmlns:xsi="http://www.w3.org/2001/XMLSchema-instance"
       xmlns:context="http://www.springframework.org/schema/context"
       xsi:schemaLocation="http://www.springframework.org/schema/beans
                        http://www.springframework.org/schema/beans/spring-beans-3.2.xsd
                        http://www.springframework.org/schema/context
                        http://www.springframework.org/schema/context/spring-context.xsd">
    <description>redis 相关类 Spring 托管</description>
    <context:component-scan base-package="com.huoguo.server"/>
    <!--载入 redis 配置文件-->
    <context:property-placeholder location="classpath:redis.properties" ignore-unresolvable="true"/>

    <!-- 配置 JedisPoolConfig 实例 -->
    <bean id="poolConfig" class="redis.clients.jedis.JedisPoolConfig">
        <property name="maxIdle" value="${redis.maxIdle}"/>
        <property name="maxTotal" value="${redis.maxActive}"/>
        <property name="maxWaitMillis" value="${redis.maxWait}"/>
        <property name="testOnBorrow" value="${redis.testOnBorrow}"/>
    </bean>

    <!-- 配置JedisConnectionFactory -->
    <bean id="jedisConnectionFactory" class="org.springframework.data.redis.connection.jedis.JedisConnectionFactory">
        <property name="hostName" value="${redis.host}"/>
        <property name="port" value="${redis.port}"/>
        <property name="password" value=""/>
        <property name="database" value="${redis.dbIndex}"/>
        <property name="poolConfig" ref="poolConfig"/>
    </bean>

    <!-- 配置RedisTemplate -->
    <bean id="redisTemplate" class="org.springframework.data.redis.core.RedisTemplate">
        <property name="connectionFactory" ref="jedisConnectionFactory"/>
    </bean>

    <!-- 配置RedisCacheManager -->
    <bean id="redisCacheManager" class="org.springframework.data.redis.cache.RedisCacheManager">
        <constructor-arg name="redisOperations" ref="redisTemplate"/>
        <property name="defaultExpiration" value="${redis.expiration}"/>
    </bean>

    <!-- 配置RedisCacheConfig -->
    <bean id="redisCacheConfig" class="com.huoguo.redis.RedisCacheConfig">
        <constructor-arg ref="jedisConnectionFactory"/>
        <constructor-arg ref="redisTemplate"/>
        <constructor-arg ref="redisCacheManager"/>
    </bean>
</beans>